<?xml version="1.0" encoding="UTF-8"?>
<beans:beans xmlns="http://www.springframework.org/schema/mvc"
	xmlns:xsi="http://www.w3.org/2001/XMLSchema-instance"
	xmlns:beans="http://www.springframework.org/schema/beans"
	xmlns:context="http://www.springframework.org/schema/context"
	xsi:schemaLocation="http://www.springframework.org/schema/mvc http://www.springframework.org/schema/mvc/spring-mvc.xsd
		http://www.springframework.org/schema/beans http://www.springframework.org/schema/beans/spring-beans.xsd
		http://www.springframework.org/schema/context http://www.springframework.org/schema/context/spring-context.xsd">


	<annotation-driven>
		<message-converters>
            <beans:bean class="org.springframework.http.converter.json.GsonHttpMessageConverter">
                <beans:property name="gson">
                    <beans:bean class="com.google.gson.Gson" factory-bean="gsonBuilder" factory-method="create" />
                </beans:property>
            </beans:bean>
        </message-converters> 
	</annotation-driven>
	
	<beans:bean id="gsonBuilder" class="com.google.gson.GsonBuilder">
        <beans:property name="dateFormat" value="yyyy'-'MM'-'dd'T'HH':'mm':'ss'.'SSS'Z'" />
    </beans:bean>
    
    <beans:bean id="messageSource" class="org.springframework.context.support.ResourceBundleMessageSource">
    	<beans:property name="basename" value="serviceClass" />
	</beans:bean>
 
  <context:component-scan base-package="com.mobeix.mxrest" />
 
 	<beans:bean id="requestInterceptor" class="com.mobeix.mxrest.interceptor.RequestInterceptor">
	</beans:bean>
	
	<interceptors>
		<interceptor>
		<mapping path="/*"/>
			<beans:ref bean="requestInterceptor"/>
		</interceptor>
	</interceptors>
	
</beans:beans>